{
    "IsEncrypted": false,
    "Values": {
        "AzureWebJobsStorage": "UseDevelopmentStorage=true",
        "FUNCTIONS_WORKER_RUNTIME": "dotnet-isolated",

        "ConnectionStrings:Sql": "Server=(localdb)\\MSSQLLocalDB;Database=DriverLedgerDb;Trusted_Connection=True;MultipleActiveResultSets=true;TrustServerCertificate=True",

        "Azure:ServiceBusConnectionString": "Endpoint=sb://driverledger.servicebus.windows.net/;SharedAccessKeyName=RootManageSharedAccessKey;SharedAccessKey=+WcB/jKSCSrDc6bfjDN40MQ4dGCFA+SKv+ASbCYNSGM=",

        "Azure:BlobConnectionString": "UseDevelopmentStorage=true",

        "Azure:DocumentIntelligence:Endpoint": "https://driverledger-doc-intelligence.cognitiveservices.azure.com/",
        "Azure:DocumentIntelligence:ApiKey": "9BGwQmup7kvm1ion7mmIt9h5UxhrgWr7p5AEa8PZjRwDguP1MuH9JQQJ99BLACBsN54XJ3w3AAALACOG7n5M"
    }
}
